Algorithm,Accuracy,F1 Score
Logistic Regression,1.0,1.0
KNN,0.9466666666666667,0.9462603174603175
Decision Tree,0.9733333333333334,0.9732828282828283
